customer_id,customer_name,email,country,customer_status,last_updated
C1001,John Carter,john.carter@example.com,USA,ACTIVE,2026-01-05 08:15:00
C1002,Sarah Miller,sarah.miller@example.com,USA,ACTIVE,2026-01-05 09:20:00
C1003,David Wilson,david.wilson@example.com,Canada,ACTIVE,2026-01-05 10:10:00
C1004,Emily Brown,emily.brown@example.com,UK,INACTIVE,2026-01-05 11:30:00
C1005,Michael Davis,michael.davis@example.com,USA,ACTIVE,2026-01-05 12:45:00
C1006,Jessica Taylor,jessica.taylor@example.com,Canada,ACTIVE,2026-01-05 13:20:00
C1007,Robert Anderson,robert.anderson@example.com,USA,INACTIVE,2026-01-05 14:10:00
C1008,Linda Thomas,linda.thomas@example.com,UK,ACTIVE,2026-01-05 15:05:00
C1009,James Martin,james.martin@example.com,USA,ACTIVE,2026-01-05 16:25:00
C1010,Patricia White,patricia.white@example.com,Canada,ACTIVE,2026-01-05 17:40:00
